ticker,weight,company_name
ANET,0.005739757986530189,ARISTA NETWORKS INC
AMD,0.01621872915450907,ADVANCED MICRO DEVICES INC
AVGO,0.03347288622715401,BROADCOM INC
NVDA,0.05156865230013935,NVIDIA CORP
VRT,0.000875156710448919,VERTIV HOLDINGS CLASS A
SMCI,0.0007009065155817742,SUPER MICRO COMPUTER INC
MDB,0.0026129585421684567,MONGODB INC CLASS A
GOOGL,0.09814197336079152,ALPHABET INC CLASS A
PLTR,0.0032202340824339956,PALANTIR TECHNOLOGIES INC CLASS A
PTC,0.002025447477200611,PTC INC
SNOW,0.010367577647288889,SNOWFLAKE INC
MSFT,0.29113227404851155,MICROSOFT CORP
ADSK,0.007286915769294242,AUTODESK INC
AMZN,0.21024583117995993,AMAZON COM INC
CEG,0.004895911053624715,CONSTELLATION ENERGY CORP
META,0.048543989964776636,META PLATFORMS INC CLASS A
MRVL,0.005679155597077231,MARVELL TECHNOLOGY INC
CTSH,0.0043740388840521165,COGNIZANT TECHNOLOGY SOLUTIONS COR
IBM,0.017570553204524417,INTERNATIONAL BUSINESS MACHINES CO
ACN,0.025973700111862248,ACCENTURE PLC CLASS A
BSY,0.001633871194827892,BENTLEY SYSTEMS INC CLASS B
AMKR,0.0007587651356062557,AMKOR TECHNOLOGY INC
EPAM,0.0029026095383944813,EPAM SYSTEMS INC
ONTO,0.0005337965685752441,ONTO INNOVATION INC
PATH,0.0009148205706964227,UIPATH INC CLASS A
ORCL,0.034199963268607206,ORACLE CORP
NOW,0.012587779425220099,SERVICENOW INC
QCOM,0.018798301937548452,QUALCOMM INC
ADBE,0.020367762589609213,ADOBE INC
PANW,0.01098589013443663,PALO ALTO NETWORKS INC
MU,0.010023605746331035,MICRON TECHNOLOGY INC
INTC,0.02228064359669466,INTEL CORPORATION CORP
CRWD,0.006707013594351043,CROWDSTRIKE HOLDINGS INC CLASS A
NET,0.00300083425919597,CLOUDFLARE INC CLASS A
FTNT,0.006631332408795998,FORTINET INC
ZS,0.004139890891412749,ZSCALER INC
OKTA,0.0015751788336054878,OKTA INC CLASS A
S,0.001311290488160982,SENTINELONE INC CLASS A
